State Name,DISTRICT NAME,Language
ANDAMAN & NICOBAR ISLANDS,NICOBARS,Hindi
ANDAMAN & NICOBAR ISLANDS,NORTH AND MIDDLE ANDAMAN,Hindi
ANDAMAN & NICOBAR ISLANDS,SOUTH ANDAMAN,Hindi
ANDHRA PRADESH,ANANTAPUR,Telugu
ANDHRA PRADESH,CHITTOOR,Telugu
ANDHRA PRADESH,EAST GODAVARI,Telugu
ANDHRA PRADESH,GUNTUR,Telugu
ANDHRA PRADESH,KRISHNA,Telugu
ANDHRA PRADESH,KURNOOL,Telugu
ANDHRA PRADESH,PRAKASAM,Telugu
ANDHRA PRADESH,SRI POTTI SRIRAMULU NELLORE,Telugu
ANDHRA PRADESH,SRIKAKULAM,Telugu
ANDHRA PRADESH,VISAKHAPATNAM,Telugu
ANDHRA PRADESH,VIZIANAGARAM,Telugu
ANDHRA PRADESH,WEST GODAVARI,Telugu
ANDHRA PRADESH,Y.S.R.,Telugu
ARUNACHAL PRADESH,ANJAW,Hindi
ARUNACHAL PRADESH,CHANGLANG,Hindi
ARUNACHAL PRADESH,DIBANG VALLEY,Hindi
ARUNACHAL PRADESH,EAST KAMENG,Hindi
ARUNACHAL PRADESH,EAST SIANG,Hindi
ARUNACHAL PRADESH,KRA DAADI,Hindi
ARUNACHAL PRADESH,KURUNG KUMEY,Hindi
ARUNACHAL PRADESH,LOHIT,Hindi
ARUNACHAL PRADESH,LOWER DIBANG VALLEY,Hindi
ARUNACHAL PRADESH,LOWER SIANG,Hindi
ARUNACHAL PRADESH,LOWER SUBANSIRI,Hindi
ARUNACHAL PRADESH,NAMSAI,Hindi
ARUNACHAL PRADESH,PAPUM PARE,Hindi
ARUNACHAL PRADESH,SIANG,Hindi
ARUNACHAL PRADESH,TAWANG,Hindi
ARUNACHAL PRADESH,TIRAP,Hindi
ARUNACHAL PRADESH,UPPER SIANG,Hindi
ARUNACHAL PRADESH,UPPER SUBANSIRI,Hindi
ARUNACHAL PRADESH,WEST KAMENG,Hindi
ARUNACHAL PRADESH,WEST SIANG,Hindi
ASSAM,BAKSA,Hindi
ASSAM,BARPETA,Hindi
ASSAM,BISWANATH,Hindi
ASSAM,BONGAIGAON,Hindi
ASSAM,CACHAR,Hindi
ASSAM,CHARAIDEO,Hindi
ASSAM,CHIRANG,Hindi
ASSAM,DARRANG,Hindi
ASSAM,DHEMAJI,Hindi
ASSAM,DHUBRI,Hindi
ASSAM,DIBRUGARH,Hindi
ASSAM,DIMA HASAO,Hindi
ASSAM,GOALPARA,Hindi
ASSAM,GOLAGHAT,Hindi
ASSAM,HAILAKANDI,Hindi
ASSAM,HOJAI,Hindi
ASSAM,JORHAT,Hindi
ASSAM,KAMRUP,Hindi
ASSAM,KAMRUP METROPOLITAN,Hindi
ASSAM,KARBI ANGLONG,Hindi
ASSAM,KARIMGANJ,Hindi
ASSAM,KOKRAJHAR,Hindi
ASSAM,LAKHIMPUR,Hindi
ASSAM,MAJULI,Hindi
ASSAM,MORIGAON,Hindi
ASSAM,NAGAON,Hindi
ASSAM,NALBARI,Hindi
ASSAM,SIVASAGAR,Hindi
ASSAM,SONITPUR,Hindi
ASSAM,SOUTH SALAMARA-MANKACHAR,Hindi
ASSAM,TINSUKIA,Hindi
ASSAM,UDALGURI,Hindi
ASSAM,WEST KARBI ANGLONG,Hindi
BIHAR,ARARIA,Hindi
BIHAR,ARWAL,Hindi
BIHAR,AURANGABAD,Hindi
BIHAR,BANKA,Hindi
BIHAR,BEGUSARAI,Hindi
BIHAR,BHAGALPUR,Hindi
BIHAR,BHOJPUR,Hindi
BIHAR,BUXAR,Hindi
BIHAR,DARBHANGA,Hindi
BIHAR,GAYA,Hindi
BIHAR,GOPALGANJ,Hindi
BIHAR,JAMUI,Hindi
BIHAR,JEHANABAD,Hindi
BIHAR,KAIMUR (BHABUA),Hindi
BIHAR,KATIHAR,Hindi
BIHAR,KHAGARIA,Hindi
BIHAR,KISHANGANJ,Hindi
BIHAR,LAKHISARAI,Hindi
BIHAR,MADHEPURA,Hindi
BIHAR,MADHUBANI,Hindi
BIHAR,MUNGER,Hindi
BIHAR,MUZAFFARPUR,Hindi
BIHAR,NALANDA,Hindi
BIHAR,NAWADA,Hindi
BIHAR,PASHCHIM CHAMPARAN,Hindi
BIHAR,PATNA,Hindi
BIHAR,PURBI CHAMPARAN,Hindi
BIHAR,PURNIA,Hindi
BIHAR,ROHTAS,Hindi
BIHAR,SAHARSA,Hindi
BIHAR,SAMASTIPUR,Hindi
BIHAR,SARAN,Hindi
BIHAR,SHEIKHPURA,Hindi
BIHAR,SHEOHAR,Hindi
BIHAR,SITAMARHI,Hindi
BIHAR,SIWAN,Hindi
BIHAR,SUPAUL,Hindi
BIHAR,VAISHALI,Hindi
CHANDIGARH,CHANDIGARH,Hindi
CHHATTISGARH,BALOD,Hindi
CHHATTISGARH,BALODA BAZAR,Hindi
CHHATTISGARH,BALRAMPUR,Hindi
CHHATTISGARH,BASTAR,Hindi
CHHATTISGARH,BEMETARA,Hindi
CHHATTISGARH,BIJAPUR,Hindi
CHHATTISGARH,BILASPUR,Hindi
CHHATTISGARH,DAKSHIN BASTAR DANTEWADA,Hindi
CHHATTISGARH,DHAMTARI,Hindi
CHHATTISGARH,DURG,Hindi
CHHATTISGARH,GARIYABAND,Hindi
CHHATTISGARH,JANJGIR - CHAMPA,Hindi
CHHATTISGARH,JASHPUR,Hindi
CHHATTISGARH,KABEERDHAM,Hindi
CHHATTISGARH,KONDAGAON,Hindi
CHHATTISGARH,KORBA,Hindi
CHHATTISGARH,KORIYA,Hindi
CHHATTISGARH,MAHASAMUND,Hindi
CHHATTISGARH,MUNGELI,Hindi
CHHATTISGARH,NARAYANPUR,Hindi
CHHATTISGARH,RAIGARH,Hindi
CHHATTISGARH,RAIPUR,Hindi
CHHATTISGARH,RAJNANDGAON,Hindi
CHHATTISGARH,SUKMA,Hindi
CHHATTISGARH,SURAJPUR,Hindi
CHHATTISGARH,SURGUJA,Hindi
CHHATTISGARH,UTTAR BASTAR KANKER,Hindi
DADRA & NAGAR HAVELI,DADRA AND NAGAR HAVELI,Hindi
DAMAN AND DIU,DAMAN,Hindi
DAMAN AND DIU,DIU,Hindi
GOA,NORTH GOA,Marathi
GOA,SOUTH GOA,Marathi
GUJARAT,AHMADABAD,Hindi
GUJARAT,AMRELI,Hindi
GUJARAT,ANAND,Hindi
GUJARAT,ARVALLI,Hindi
GUJARAT,BANAS KANTHA,Hindi
GUJARAT,BHARUCH,Hindi
GUJARAT,BHAVNAGAR,Hindi
GUJARAT,BOTAD,Hindi
GUJARAT,CHHOTA UDEPUR,Hindi
GUJARAT,DEVBHOOMI DWARKA,Hindi
GUJARAT,DOHAD,Hindi
GUJARAT,GANDHINAGAR,Hindi
GUJARAT,GIR SOMNATH,Hindi
GUJARAT,JAMNAGAR,Hindi
GUJARAT,JUNAGADH,Hindi
GUJARAT,KACHCHH,Hindi
GUJARAT,KHEDA,Hindi
GUJARAT,MAHESANA,Hindi
GUJARAT,MAHISAGAR,Hindi
GUJARAT,MORBI,Hindi
GUJARAT,NARMADA,Hindi
GUJARAT,NAVSARI,Hindi
GUJARAT,PANCH MAHALS,Hindi
GUJARAT,PATAN,Hindi
GUJARAT,PORBANDAR,Hindi
GUJARAT,RAJKOT,Hindi
GUJARAT,SABAR KANTHA,Hindi
GUJARAT,SURAT,Hindi
GUJARAT,SURENDRANAGAR,Hindi
GUJARAT,TAPI,Hindi
GUJARAT,THE DANGS,Hindi
GUJARAT,VADODARA,Hindi
GUJARAT,VALSAD,Hindi
HARYANA,AMBALA,Hindi
HARYANA,BHIWANI,Hindi
HARYANA,CHARKHI DADRI,Hindi
HARYANA,FARIDABAD,Hindi
HARYANA,FATEHABAD,Hindi
HARYANA,GURGAON,Hindi
HARYANA,HISAR,Hindi
HARYANA,JHAJJAR,Hindi
HARYANA,JIND,Hindi
HARYANA,KAITHAL,Hindi
HARYANA,KARNAL,Hindi
HARYANA,KURUKSHETRA,Hindi
HARYANA,MAHENDRAGARH,Hindi
HARYANA,MEWAT,Hindi
HARYANA,PALWAL,Hindi
HARYANA,PANCHKULA,Hindi
HARYANA,PANIPAT,Hindi
HARYANA,REWARI,Hindi
HARYANA,ROHTAK,Hindi
HARYANA,SIRSA,Hindi
HARYANA,SONIPAT,Hindi
HARYANA,YAMUNANAGAR,Hindi
HIMACHAL PRADESH,BILASPUR,Hindi
HIMACHAL PRADESH,CHAMBA,Hindi
HIMACHAL PRADESH,HAMIRPUR,Hindi
HIMACHAL PRADESH,KANGRA,Hindi
HIMACHAL PRADESH,KINNAUR,Hindi
HIMACHAL PRADESH,KULLU,Hindi
HIMACHAL PRADESH,LAHUL SPITI,Hindi
HIMACHAL PRADESH,MANDI,Hindi
HIMACHAL PRADESH,SHIMLA,Hindi
HIMACHAL PRADESH,SIRMAUR,Hindi
HIMACHAL PRADESH,SOLAN,Hindi
HIMACHAL PRADESH,UNA,Hindi
JAMMU AND KASHMIR,ANANTNAG,Hindi
JAMMU AND KASHMIR,BADGAM,Hindi
JAMMU AND KASHMIR,BANDIPORE,Hindi
JAMMU AND KASHMIR,BARAMULA,Hindi
JAMMU AND KASHMIR,DODA,Hindi
JAMMU AND KASHMIR,GANDERBAL,Hindi
JAMMU AND KASHMIR,JAMMU,Hindi
JAMMU AND KASHMIR,KARGIL,Hindi
JAMMU AND KASHMIR,KATHUA,Hindi
JAMMU AND KASHMIR,KISHTWAR,Hindi
JAMMU AND KASHMIR,KULGAM,Hindi
JAMMU AND KASHMIR,KUPWARA,Hindi
JAMMU AND KASHMIR,LEH(LADAKH),Hindi
JAMMU AND KASHMIR,PULWAMA,Hindi
JAMMU AND KASHMIR,PUNCH,Hindi
JAMMU AND KASHMIR,RAJOURI,Hindi
JAMMU AND KASHMIR,RAMBAN,Hindi
JAMMU AND KASHMIR,REASI,Hindi
JAMMU AND KASHMIR,SAMBA,Hindi
JAMMU AND KASHMIR,SHUPIYAN,Hindi
JAMMU AND KASHMIR,SRINAGAR,Hindi
JAMMU AND KASHMIR,UDHAMPUR,Hindi
JHARKHAND,BOKARO,Hindi
JHARKHAND,CHATRA,Hindi
JHARKHAND,DEOGHAR,Hindi
JHARKHAND,DHANBAD,Hindi
JHARKHAND,DUMKA,Hindi
JHARKHAND,GARHWA,Hindi
JHARKHAND,GIRIDIH,Hindi
JHARKHAND,GODDA,Hindi
JHARKHAND,GUMLA,Hindi
JHARKHAND,HAZARIBAGH,Hindi
JHARKHAND,JAMTARA,Hindi
JHARKHAND,KHUNTI,Hindi
JHARKHAND,KODARMA,Hindi
JHARKHAND,LATEHAR,Hindi
JHARKHAND,LOHARDAGA,Hindi
JHARKHAND,PAKUR,Hindi
JHARKHAND,PALAMU,Hindi
JHARKHAND,PASHCHIMI SINGHBHUM,Hindi
JHARKHAND,PURBI SINGHBHUM,Hindi
JHARKHAND,RAMGARH,Hindi
JHARKHAND,RANCHI,Hindi
JHARKHAND,SAHIBGANJ,Hindi
JHARKHAND,SARAIKELA-KHARSAWAN,Hindi
JHARKHAND,SIMDEGA,Hindi
KARNATAKA,BAGALKOT,Kannada
KARNATAKA,BANGALORE,Kannada
KARNATAKA,BANGALORE RURAL,Kannada
KARNATAKA,BELGAUM,Kannada
KARNATAKA,BELLARY,Kannada
KARNATAKA,BIDAR,Kannada
KARNATAKA,BIJAPUR,Kannada
KARNATAKA,CHAMARAJANAGAR,Kannada
KARNATAKA,CHIKKABALLAPURA,Kannada
KARNATAKA,CHIKMAGALUR,Kannada
KARNATAKA,CHITRADURGA,Kannada
KARNATAKA,DAKSHINA KANNADA,Kannada
KARNATAKA,DAVANAGERE,Kannada
KARNATAKA,DHARWAD,Kannada
KARNATAKA,GADAG,Kannada
KARNATAKA,GULBARGA,Kannada
KARNATAKA,HASSAN,Kannada
KARNATAKA,HAVERI,Kannada
KARNATAKA,KODAGU,Kannada
KARNATAKA,KOLAR,Kannada
KARNATAKA,KOPPAL,Kannada
KARNATAKA,MANDYA,Kannada
KARNATAKA,MYSORE,Kannada
KARNATAKA,RAICHUR,Kannada
KARNATAKA,RAMANAGARA,Kannada
KARNATAKA,SHIMOGA,Kannada
KARNATAKA,TUMKUR,Kannada
KARNATAKA,UDUPI,Kannada
KARNATAKA,UTTARA KANNADA,Kannada
KARNATAKA,YADGIR,Kannada
KERALA,ALAPPUZHA,Malayalam
KERALA,ERNAKULAM,Malayalam
KERALA,IDUKKI,Malayalam
KERALA,KANNUR,Malayalam
KERALA,KASARAGOD,Malayalam
KERALA,KOLLAM,Malayalam
KERALA,KOTTAYAM,Malayalam
KERALA,KOZHIKODE,Malayalam
KERALA,MALAPPURAM,Malayalam
KERALA,PALAKKAD,Malayalam
KERALA,PATHANAMTHITTA,Malayalam
KERALA,THIRUVANANTHAPURAM,Malayalam
KERALA,THRISSUR,Malayalam
KERALA,WAYANAD,Malayalam
LAKSHADWEEP,LAKSHADWEEP,Hindi
MADHYA PRADESH,AGAR MALWA,Hindi
MADHYA PRADESH,ALIRAJPUR,Hindi
MADHYA PRADESH,ANUPPUR,Hindi
MADHYA PRADESH,ASHOKNAGAR,Hindi
MADHYA PRADESH,BALAGHAT,Hindi
MADHYA PRADESH,BARWANI,Hindi
MADHYA PRADESH,BETUL,Hindi
MADHYA PRADESH,BHIND,Hindi
MADHYA PRADESH,BHOPAL,Hindi
MADHYA PRADESH,BURHANPUR,Hindi
MADHYA PRADESH,CHHATARPUR,Hindi
MADHYA PRADESH,CHHINDWARA,Hindi
MADHYA PRADESH,DAMOH,Hindi
MADHYA PRADESH,DATIA,Hindi
MADHYA PRADESH,DEWAS,Hindi
MADHYA PRADESH,DHAR,Hindi
MADHYA PRADESH,DINDORI,Hindi
MADHYA PRADESH,GUNA,Hindi
MADHYA PRADESH,GWALIOR,Hindi
MADHYA PRADESH,HARDA,Hindi
MADHYA PRADESH,HOSHANGABAD,Hindi
MADHYA PRADESH,INDORE,Hindi
MADHYA PRADESH,JABALPUR,Hindi
MADHYA PRADESH,JHABUA,Hindi
MADHYA PRADESH,KATNI,Hindi
MADHYA PRADESH,KHANDWA (EAST NIMAR),Hindi
MADHYA PRADESH,KHARGONE (WEST NIMAR),Hindi
MADHYA PRADESH,MANDLA,Hindi
MADHYA PRADESH,MANDSAUR,Hindi
MADHYA PRADESH,MORENA,Hindi
MADHYA PRADESH,NARSIMHAPUR,Hindi
MADHYA PRADESH,NEEMUCH,Hindi
MADHYA PRADESH,PANNA,Hindi
MADHYA PRADESH,RAISEN,Hindi
MADHYA PRADESH,RAJGARH,Hindi
MADHYA PRADESH,RATLAM,Hindi
MADHYA PRADESH,REWA,Hindi
MADHYA PRADESH,SAGAR,Hindi
MADHYA PRADESH,SATNA,Hindi
MADHYA PRADESH,SEHORE,Hindi
MADHYA PRADESH,SEONI,Hindi
MADHYA PRADESH,SHAHDOL,Hindi
MADHYA PRADESH,SHAJAPUR,Hindi
MADHYA PRADESH,SHEOPUR,Hindi
MADHYA PRADESH,SHIVPURI,Hindi
MADHYA PRADESH,SIDHI,Hindi
MADHYA PRADESH,SINGRAULI,Hindi
MADHYA PRADESH,TIKAMGARH,Hindi
MADHYA PRADESH,UJJAIN,Hindi
MADHYA PRADESH,UMARIA,Hindi
MADHYA PRADESH,VIDISHA,Hindi
MAHARASHTRA,AHMADNAGAR,Marathi
MAHARASHTRA,AKOLA,Marathi
MAHARASHTRA,AMRAVATI,Marathi
MAHARASHTRA,AURANGABAD,Marathi
MAHARASHTRA,BHANDARA,Marathi
MAHARASHTRA,BID,Marathi
MAHARASHTRA,BULDANA,Marathi
MAHARASHTRA,CHANDRAPUR,Marathi
MAHARASHTRA,DHULE,Marathi
MAHARASHTRA,GADCHIROLI,Marathi
MAHARASHTRA,GONDIYA,Marathi
MAHARASHTRA,HINGOLI,Marathi
MAHARASHTRA,JALGAON,Marathi
MAHARASHTRA,JALNA,Marathi
MAHARASHTRA,KOLHAPUR,Marathi
MAHARASHTRA,LATUR,Marathi
MAHARASHTRA,MUMBAI,Marathi
MAHARASHTRA,MUMBAI SUBURBAN,Marathi
MAHARASHTRA,NAGPUR,Marathi
MAHARASHTRA,NANDED,Marathi
MAHARASHTRA,NANDURBAR,Marathi
MAHARASHTRA,NASHIK,Marathi
MAHARASHTRA,OSMANABAD,Marathi
MAHARASHTRA,PALGHAR,Marathi
MAHARASHTRA,PARBHANI,Marathi
MAHARASHTRA,PUNE,Marathi
MAHARASHTRA,RAIGARH,Marathi
MAHARASHTRA,RATNAGIRI,Marathi
MAHARASHTRA,SANGLI,Marathi
MAHARASHTRA,SATARA,Marathi
MAHARASHTRA,SINDHUDURG,Marathi
MAHARASHTRA,SOLAPUR,Marathi
MAHARASHTRA,THANE,Marathi
MAHARASHTRA,WARDHA,Marathi
MAHARASHTRA,WASHIM,Marathi
MAHARASHTRA,YAVATMAL,Marathi
MANIPUR,BISHNUPUR,Hindi
MANIPUR,CHANDEL,Hindi
MANIPUR,CHURACHANDPUR,Hindi
MANIPUR,IMPHAL EAST,Hindi
MANIPUR,IMPHAL WEST,Hindi
MANIPUR,JIRIBAM,Hindi
MANIPUR,KAKCHING,Hindi
MANIPUR,KAMJONG,Hindi
MANIPUR,KANGPOKPI,Hindi
MANIPUR,NONEY,Hindi
MANIPUR,PHERZAWL,Hindi
MANIPUR,SENAPATI,Hindi
MANIPUR,TAMENGLONG,Hindi
MANIPUR,TENGNOUPAL,Hindi
MANIPUR,THOUBAL,Hindi
MANIPUR,UKHRUL,Hindi
MEGHALAYA,EAST GARO HILLS,English
MEGHALAYA,EAST JAINTIA HILLS,English
MEGHALAYA,EAST KHASI HILLS,English
MEGHALAYA,JAINTIA HILLS,English
MEGHALAYA,NORTH GARO HILLS,English
MEGHALAYA,RIBHOI,English
MEGHALAYA,SOUTH GARO HILLS,English
MEGHALAYA,SOUTH WEST GARO HILLS,English
MEGHALAYA,SOUTH WEST KHASI HILLS,English
MEGHALAYA,WEST GARO HILLS,English
MEGHALAYA,WEST JAINTIA HILLS,English
MEGHALAYA,WEST KHASI HILLS,English
MIZORAM,AIZAWL,Hindi
MIZORAM,CHAMPHAI,Hindi
MIZORAM,KOLASIB,Hindi
MIZORAM,LAWNGTLAI,Hindi
MIZORAM,LUNGLEI,Hindi
MIZORAM,MAMIT,Hindi
MIZORAM,SAIHA,Hindi
MIZORAM,SERCHHIP,Hindi
NAGALAND,DIMAPUR,English
NAGALAND,KIPHIRE,English
NAGALAND,KOHIMA,English
NAGALAND,LONGLENG,English
NAGALAND,MOKOKCHUNG,English
NAGALAND,MON,English
NAGALAND,PEREN,English
NAGALAND,PHEK,English
NAGALAND,TUENSANG,English
NAGALAND,WOKHA,English
NAGALAND,ZUNHEBOTO,English
NCT OF DELHI,CENTRAL,Hindi
NCT OF DELHI,EAST,Hindi
NCT OF DELHI,NEW DELHI,Hindi
NCT OF DELHI,NORTH,Hindi
NCT OF DELHI,NORTH EAST,Hindi
NCT OF DELHI,NORTH WEST,Hindi
NCT OF DELHI,SHAHDARA,Hindi
NCT OF DELHI,SOUTH,Hindi
NCT OF DELHI,SOUTH EAST DELHI,Hindi
NCT OF DELHI,SOUTH WEST,Hindi
NCT OF DELHI,WEST,Hindi
ODISHA,ANUGUL,Hindi
ODISHA,BALANGIR,Hindi
ODISHA,BALESHWAR,Hindi
ODISHA,BARGARH,Hindi
ODISHA,BAUDH,Hindi
ODISHA,BHADRAK,Hindi
ODISHA,CUTTACK,Hindi
ODISHA,DEBAGARH,Hindi
ODISHA,DHENKANAL,Hindi
ODISHA,GAJAPATI,Hindi
ODISHA,GANJAM,Hindi
ODISHA,JAGATSINGHAPUR,Hindi
ODISHA,JAJAPUR,Hindi
ODISHA,JHARSUGUDA,Hindi
ODISHA,KALAHANDI,Hindi
ODISHA,KANDHAMAL,Hindi
ODISHA,KENDRAPARA,Hindi
ODISHA,KENDUJHAR,Hindi
ODISHA,KHORDHA,Hindi
ODISHA,KORAPUT,Hindi
ODISHA,MALKANGIRI,Hindi
ODISHA,MAYURBHANJ,Hindi
ODISHA,NABARANGAPUR,Hindi
ODISHA,NAYAGARH,Hindi
ODISHA,NUAPADA,Hindi
ODISHA,PURI,Hindi
ODISHA,RAYAGADA,Hindi
ODISHA,SAMBALPUR,Hindi
ODISHA,SUBARNAPUR,Hindi
ODISHA,SUNDARGARH,Hindi
PUDUCHERRY,KARAIKAL,Tamil
PUDUCHERRY,MAHE,Tamil
PUDUCHERRY,PUDUCHERRY,Tamil
PUDUCHERRY,YANAM,Tamil
PUNJAB,AMRITSAR,Hindi
PUNJAB,BARNALA,Hindi
PUNJAB,BATHINDA,Hindi
PUNJAB,FARIDKOT,Hindi
PUNJAB,FATEHGARH SAHIB,Hindi
PUNJAB,FAZILKA,Hindi
PUNJAB,FIROZPUR,Hindi
PUNJAB,GURDASPUR,Hindi
PUNJAB,HOSHIARPUR,Hindi
PUNJAB,JALANDHAR,Hindi
PUNJAB,KAPURTHALA,Hindi
PUNJAB,LUDHIANA,Hindi
PUNJAB,MANSA,Hindi
PUNJAB,MOGA,Hindi
PUNJAB,MUKTSAR,Hindi
PUNJAB,PATHANKOT,Hindi
PUNJAB,PATIALA,Hindi
PUNJAB,RUPNAGAR,Hindi
PUNJAB,SAHIBZADA AJIT SINGH NAGAR,Hindi
PUNJAB,SANGRUR,Hindi
PUNJAB,SHAHID BHAGAT SINGH NAGAR,Hindi
PUNJAB,TARN TARAN,Hindi
RAJASTHAN,AJMER,Hindi
RAJASTHAN,ALWAR,Hindi
RAJASTHAN,BANSWARA,Hindi
RAJASTHAN,BARAN,Hindi
RAJASTHAN,BARMER,Hindi
RAJASTHAN,BHARATPUR,Hindi
RAJASTHAN,BHILWARA,Hindi
RAJASTHAN,BIKANER,Hindi
RAJASTHAN,BUNDI,Hindi
RAJASTHAN,CHITTAURGARH,Hindi
RAJASTHAN,CHURU,Hindi
RAJASTHAN,DAUSA,Hindi
RAJASTHAN,DHAULPUR,Hindi
RAJASTHAN,DUNGARPUR,Hindi
RAJASTHAN,HANUMANGARH,Hindi
RAJASTHAN,JAIPUR,Hindi
RAJASTHAN,JAISALMER,Hindi
RAJASTHAN,JALOR,Hindi
RAJASTHAN,JHALAWAR,Hindi
RAJASTHAN,JHUNJHUNUN,Hindi
RAJASTHAN,JODHPUR,Hindi
RAJASTHAN,KARAULI,Hindi
RAJASTHAN,KOTA,Hindi
RAJASTHAN,NAGAUR,Hindi
RAJASTHAN,PALI,Hindi
RAJASTHAN,PRATAPGARH,Hindi
RAJASTHAN,RAJSAMAND,Hindi
RAJASTHAN,SAWAI MADHOPUR,Hindi
RAJASTHAN,SIKAR,Hindi
RAJASTHAN,SIROHI,Hindi
RAJASTHAN,SRI GANGANAGAR,Hindi
RAJASTHAN,TONK,Hindi
RAJASTHAN,UDAIPUR,Hindi
SIKKIM,EAST DISTRICT,Hindi
SIKKIM,NORTH  DISTRICT,Hindi
SIKKIM,SOUTH DISTRICT,Hindi
SIKKIM,WEST DISTRICT,Hindi
TAMIL NADU,ARIYALUR,Tamil
TAMIL NADU,CHENNAI,Tamil
TAMIL NADU,COIMBATORE,Tamil
TAMIL NADU,CUDDALORE,Tamil
TAMIL NADU,DHARMAPURI,Tamil
TAMIL NADU,DINDIGUL,Tamil
TAMIL NADU,ERODE,Tamil
TAMIL NADU,KANCHEEPURAM,Tamil
TAMIL NADU,KANNIYAKUMARI,Tamil
TAMIL NADU,KARUR,Tamil
TAMIL NADU,KRISHNAGIRI,Tamil
TAMIL NADU,MADURAI,Tamil
TAMIL NADU,NAGAPATTINAM,Tamil
TAMIL NADU,NAMAKKAL,Tamil
TAMIL NADU,PERAMBALUR,Tamil
TAMIL NADU,PUDUKKOTTAI,Tamil
TAMIL NADU,RAMANATHAPURAM,Tamil
TAMIL NADU,SALEM,Tamil
TAMIL NADU,SIVAGANGA,Tamil
TAMIL NADU,THANJAVUR,Tamil
TAMIL NADU,THE NILGIRIS,Tamil
TAMIL NADU,THENI,Tamil
TAMIL NADU,THIRUVALLUR,Tamil
TAMIL NADU,THIRUVARUR,Tamil
TAMIL NADU,THOOTHUKKUDI,Tamil
TAMIL NADU,TIRUCHIRAPPALLI,Tamil
TAMIL NADU,TIRUNELVELI,Tamil
TAMIL NADU,TIRUPPUR,Tamil
TAMIL NADU,TIRUVANNAMALAI,Tamil
TAMIL NADU,VELLORE,Tamil
TAMIL NADU,VILUPPURAM,Tamil
TAMIL NADU,VIRUDHUNAGAR,Tamil
TELANGANA,ADILABAD,Telugu
TELANGANA,BHADRADRI,Telugu
TELANGANA,HYDERABAD,Telugu
TELANGANA,JAGTIAL,Telugu
TELANGANA,JANGAON,Telugu
TELANGANA,JAYASHANKAR,Telugu
TELANGANA,JOGULAMBA,Telugu
TELANGANA,KAMAREDDY,Telugu
TELANGANA,KARIMNAGAR,Telugu
TELANGANA,KHAMMAM,Telugu
TELANGANA,KOMARAM BHEEM,Telugu
TELANGANA,MAHABUBABAD,Telugu
TELANGANA,MAHBUBNAGAR,Telugu
TELANGANA,MANCHERIAL,Telugu
TELANGANA,MEDAK,Telugu
TELANGANA,MEDCHAL-MALKAJGIRI,Telugu
TELANGANA,NAGARKURNOOL,Telugu
TELANGANA,NALGONDA,Telugu
TELANGANA,NIRMAL,Telugu
TELANGANA,NIZAMABAD,Telugu
TELANGANA,PEDDAPALLI,Telugu
TELANGANA,RAJANNA,Telugu
TELANGANA,RANGAREDDY,Telugu
TELANGANA,SANGAREDDY,Telugu
TELANGANA,SIDDIPET,Telugu
TELANGANA,SURYAPET,Telugu
TELANGANA,VIKARABAD,Telugu
TELANGANA,WANAPARTHY,Telugu
TELANGANA,WARANGAL RURAL,Telugu
TELANGANA,WARANGAL URBAN,Telugu
TELANGANA,YADADRI,Telugu
TRIPURA,DHALAI,Bengali
TRIPURA,GOMATI,Bengali
TRIPURA,KHOWAI,Bengali
TRIPURA,NORTH TRIPURA,Bengali
TRIPURA,SEPAHIJALA,Bengali
TRIPURA,SOUTH TRIPURA,Bengali
TRIPURA,UNAKOTI,Bengali
TRIPURA,WEST TRIPURA,Bengali
UTTAR PRADESH,AGRA,Hindi
UTTAR PRADESH,ALIGARH,Hindi
UTTAR PRADESH,ALLAHABAD,Hindi
UTTAR PRADESH,AMBEDKAR NAGAR,Hindi
UTTAR PRADESH,AMETHI,Hindi
UTTAR PRADESH,AMROHA,Hindi
UTTAR PRADESH,AURAIYA,Hindi
UTTAR PRADESH,AZAMGARH,Hindi
UTTAR PRADESH,BAGHPAT,Hindi
UTTAR PRADESH,BAHRAICH,Hindi
UTTAR PRADESH,BALLIA,Hindi
UTTAR PRADESH,BALRAMPUR,Hindi
UTTAR PRADESH,BANDA,Hindi
UTTAR PRADESH,BARA BANKI,Hindi
UTTAR PRADESH,BAREILLY,Hindi
UTTAR PRADESH,BASTI,Hindi
UTTAR PRADESH,BHADOHI,Hindi
UTTAR PRADESH,BIJNOR,Hindi
UTTAR PRADESH,BUDAUN,Hindi
UTTAR PRADESH,BULANDSHAHR,Hindi
UTTAR PRADESH,CHANDAULI,Hindi
UTTAR PRADESH,CHITRAKOOT,Hindi
UTTAR PRADESH,DEORIA,Hindi
UTTAR PRADESH,ETAH,Hindi
UTTAR PRADESH,ETAWAH,Hindi
UTTAR PRADESH,FAIZABAD,Hindi
UTTAR PRADESH,FARRUKHABAD,Hindi
UTTAR PRADESH,FATEHPUR,Hindi
UTTAR PRADESH,FIROZABAD,Hindi
UTTAR PRADESH,GAUTAM BUDDHA NAGAR,Hindi
UTTAR PRADESH,GHAZIABAD,Hindi
UTTAR PRADESH,GHAZIPUR,Hindi
UTTAR PRADESH,GONDA,Hindi
UTTAR PRADESH,GORAKHPUR,Hindi
UTTAR PRADESH,HAMIRPUR,Hindi
UTTAR PRADESH,HAPUR,Hindi
UTTAR PRADESH,HARDOI,Hindi
UTTAR PRADESH,HATHRAS,Hindi
UTTAR PRADESH,JALAUN,Hindi
UTTAR PRADESH,JAUNPUR,Hindi
UTTAR PRADESH,JHANSI,Hindi
UTTAR PRADESH,KANNAUJ,Hindi
UTTAR PRADESH,KANPUR DEHAT,Hindi
UTTAR PRADESH,KANPUR NAGAR,Hindi
UTTAR PRADESH,KASGANJ,Hindi
UTTAR PRADESH,KAUSHAMBI,Hindi
UTTAR PRADESH,KHERI,Hindi
UTTAR PRADESH,KUSHINAGAR,Hindi
UTTAR PRADESH,LALITPUR,Hindi
UTTAR PRADESH,LUCKNOW,Hindi
UTTAR PRADESH,MAHOBA,Hindi
UTTAR PRADESH,MAHRAJGANJ,Hindi
UTTAR PRADESH,MAINPURI,Hindi
UTTAR PRADESH,MATHURA,Hindi
UTTAR PRADESH,MAU,Hindi
UTTAR PRADESH,MEERUT,Hindi
UTTAR PRADESH,MIRZAPUR,Hindi
UTTAR PRADESH,MORADABAD,Hindi
UTTAR PRADESH,MUZAFFARNAGAR,Hindi
UTTAR PRADESH,PILIBHIT,Hindi
UTTAR PRADESH,PRATAPGARH,Hindi
UTTAR PRADESH,RAE BARELI,Hindi
UTTAR PRADESH,RAMPUR,Hindi
UTTAR PRADESH,SAHARANPUR,Hindi
UTTAR PRADESH,SAMBHAL,Hindi
UTTAR PRADESH,SANT KABIR NAGAR,Hindi
UTTAR PRADESH,SHAHJAHANPUR,Hindi
UTTAR PRADESH,SHAMLI,Hindi
UTTAR PRADESH,SHRAWASTI,Hindi
UTTAR PRADESH,SIDDHARTHNAGAR,Hindi
UTTAR PRADESH,SITAPUR,Hindi
UTTAR PRADESH,SONBHADRA,Hindi
UTTAR PRADESH,SULTANPUR,Hindi
UTTAR PRADESH,UNNAO,Hindi
UTTAR PRADESH,VARANASI,Hindi
UTTARAKHAND,ALMORA,Hindi
UTTARAKHAND,BAGESHWAR,Hindi
UTTARAKHAND,CHAMOLI,Hindi
UTTARAKHAND,CHAMPAWAT,Hindi
UTTARAKHAND,DEHRADUN,Hindi
UTTARAKHAND,GARHWAL,Hindi
UTTARAKHAND,HARDWAR,Hindi
UTTARAKHAND,NAINITAL,Hindi
UTTARAKHAND,PITHORAGARH,Hindi
UTTARAKHAND,RUDRAPRAYAG,Hindi
UTTARAKHAND,TEHRI GARHWAL,Hindi
UTTARAKHAND,UDHAM SINGH NAGAR,Hindi
UTTARAKHAND,UTTARKASHI,Hindi
WEST BENGAL,ALIPURDUAR,Bengali
WEST BENGAL,BANKURA,Bengali
WEST BENGAL,BARDDHAMAN,Bengali
WEST BENGAL,BIRBHUM,Bengali
WEST BENGAL,DAKSHIN DINAJPUR,Bengali
WEST BENGAL,DARJILING,Bengali
WEST BENGAL,HAORA,Bengali
WEST BENGAL,HUGLI,Bengali
WEST BENGAL,JALPAIGURI,Bengali
WEST BENGAL,JHARGRAM,Bengali
WEST BENGAL,KALIMPONG,Bengali
WEST BENGAL,KOCH BIHAR,Bengali
WEST BENGAL,KOLKATA,Bengali
WEST BENGAL,MALDAH,Bengali
WEST BENGAL,MURSHIDABAD,Bengali
WEST BENGAL,NADIA,Bengali
WEST BENGAL,NORTH TWENTY FOUR PARGANAS,Bengali
WEST BENGAL,PASCHIM BARDHAMAN,Bengali
WEST BENGAL,PASCHIM MEDINIPUR,Bengali
WEST BENGAL,PURBA BARDHAMAN,Bengali
WEST BENGAL,PURBA MEDINIPUR,Bengali
WEST BENGAL,PURULIYA,Bengali
WEST BENGAL,SOUTH TWENTY FOUR PARGANAS,Bengali
WEST BENGAL,UTTAR DINAJPUR,Bengali
,DELHI,Hindi
,KANPUR,Hindi
,AHMEDABAD,Hindi
,BARODA,Hindi
,BHUBANESHWAR,Hindi
,CALICUT,Bengali
,VISAKAPATNAM,Tamil
,SUPAT,Hindi
,JAMSHEDPUR,Hindi
,GUDURU RURAL,Hindi
,ZIRAKPUR,Hindi
,SILIGURI,Bengali
,COCHIN,Bengali
,DAHEGAM RURAL,Hindi
,TRICHY,Tamil
,RATANPUR RURAL,Hindi
,RAJAH MUNDRY,Hindi
,GUWAHATI,Hindi
,CALIC UT,Bengali
,RAJAHMUNDRY,Telugu
,GOA,Marathi
,WARANGAL,Telugu
,MEHSANA,Hindi
,AJMER RURAL,Hindi
,MANGALORE,Kannada
,NASIK,Marathi
,SACHIN RURAL,Hindi
,TRIVANDRUM,Tamil
,HOSUR,Tamil
,ΑNAND,Hindi
,VAPI,Hindi
,NOIDA,Hindi
,VYARA RURAL,Hindi
,RAJAHMUNDR,Hindi
,JAMI,Hindi
,BHILWARA RUF,Hindi
,BHILWARA RURAL,Hindi
,KALOL RURAL,Hindi
,BIJALPUR RURAL,Hindi
,MEHSANA RURAL,Hindi
,KHARAG PUR,Hindi
,PANPOSH ROAD RURAL,Hindi
,PONDICHERRY,Tamil
,AIMER RURAL,Hindi
,PETLAD RURAL,Hindi
,JJAIN,Hindi
,AJPUR,Hindi
,OLKATA,Bengali
,COLKATA,Bengali
,ALANDHAR,Hindi
,ROURKELA,Hindi
,PAINA,Hindi
,PANPOSH ROAD,Hindi
,ANPUR,Hindi
,RAIKOT,Hindi
,BAMBALA,Hindi
,VISAKAPAIN,Tamil
,VISAKAPATNA,Tamil
,AMNAGAR,Hindi
,HAVNAGAR,Hindi
,LUC KNOW,Hindi
,JJJAIN,Hindi
,AIPUR,Hindi
,UNE,Marathi
,LLIC KNOW,Hindi
,SHAHPURA RURAL,Hindi
,DEHRADON,Hindi
,AMSHEDPUR,Hindi
, VISAKAPAINAM,Tamil
,AINA,Hindi
,MBALA,Hindi
,YDERABAD,Hindi
, AHMEDABAD,Hindi
,BRATANPUR RURAL,Hindi
,RIVANDRUM,Tamil
,SPAINA,Hindi
,DELH,Hindi
,LUCK KNOW,Hindi
,O MUMBAI,Hindi
, GUWAHATI,Hindi
, KALOL RURAL,Hindi
, KANPUR,Hindi
, WARANGAL,Telugu
,SKOLKATA,Bengali
, VISAKAPATNAM,Tamil
, BHUBANESHWAR,Hindi
, TRIVANDRUM,Tamil
,MANDAPETA RURA,Hindi
, VAPI,Hindi
,HIRIYUR RURAL,Hindi
,BUALPUR RURAL,Hindi
,KHARAGPUR,Bengali
,VISAKAPATΝΑΙ,Tamil
,AMMEDABAD,Hindi
,RAJAHMUND,Hindi
,SANGALORE,Kannada
,BAMRITSAR,Hindi
,GUDURU RUR,Hindi
,KARIMNAG AF,Hindi
,CHANDIGAR,Hindi
,VISAKAPATN,Tamil
,BHUBANESH,Hindi
,KARIMNAGA,Hindi
,RAJAHMUNDE,Hindi
,RAJAHMUNDI,Hindi
,GUDURU RU,Hindi
,VISAKAPATNAN,Tamil
,VISAKAPAINAN,Tamil
,BHUBANESHV,Hindi
,LIC KNOW,Hindi
,GUDURU RURA,Hindi
,RATANPUR RUL,Hindi
,ODHPUR,Hindi
,KURUKSHE,Hindi
,HYDERABA,Telugu
,DEHRADU,Hindi
,BANGALOR,Kannada
,AHMEDAB,Hindi
,JAMSHEDP,Hindi
,BANGALO,Bengali
,COIMBATO,Bengali
,AJMER RU,Hindi
,GHAZIABA,Hindi
,RATANPUR,Hindi
,GUDURUF,Hindi
,KURUKSH,Hindi
,HYDERAB,Telugu
,CHANDIG,Hindi
,TRIVANDR,Tamil
,JALANDHA,Hindi
,RAJAHMUM,Hindi
,BHUBANE,Hindi
,ROURKE LA,Hindi
,BUALPUR,Hindi
,VYARA RUE,Hindi
,KARIMNAG,Hindi
,FARIDABAL,Hindi
,WARANGA,Hindi
,FARIDABA,Hindi
,VISAKAPA,Tamil
,TRIVANDRI,Tamil
,BHAVNAG,Hindi
,BANGALD,Bengali
,RIVANDR,Hindi
,VISAKAPAT,Tamil
,HARSOLIF,Hindi
,BHAVNAGA,Hindi
,BANGAL,Bengali
,FARIDAE,Hindi
,GURGAD,Hindi
,BHILWAR,Hindi
,FARIDAB,Hindi
,AHMEDA,Hindi
,CHANDIC,Hindi
,CHANDIGA,Hindi
,GUWAHAT,Hindi
,AHMEDAE,Hindi
,KALOL RU,Hindi
,FARIDABAI,Hindi
,GHAZIAB,Hindi
,BHUBANI,Hindi
,BANGALC,Bengali
,KOLHAPU,Hindi
,JAMSHEDE,Hindi
,HANCHI,Tamil
,ALANDHA,Hindi
,HIRIYUR RE,Hindi
,KALOL RUF,Hindi
,AMBAJA,Hindi
,RAJAHMUN,Hindi
,KHARAGPL,Hindi
,AJMER RUF,Hindi
,MANSA RURAL,Hindi
,BHUBANESHW,Hindi
,BHATAPARA RU,Hindi
,SACHIN RURA,Hindi
,MUMBAL,Hindi
,SAIPUR,Hindi
,BHUBANESHWAR:,Hindi
,GHADABAD,Hindi
,CHENNAL,Tamil
,DELHE,Hindi
,DELMI,Hindi
,NUZVID RURAL,Hindi
,LAMSHEDPUR,Hindi
,ELUDHIANA,Hindi
,KOK KATA,Bengali
,SUNTUR,Hindi
,VAPT,Telugu
,TRIVANDAUM,Tamil
,MANDAPETA RURAL,Hindi
,MUMBA,Hindi
,HRISSUR,Tamil
,MATANPUR RURAL,Hindi
,API,Hindi
,JAPUR,Hindi
,LIOUPI,Hindi
,BHATAPARA RURAL,Hindi
,MADURAL,Telugu
,LUCANCY,Hindi
,DAIN,Hindi
,PAJKOT,Hindi
,KAITHAL RURAL,Hindi
,NASIN,Hindi
,CALCUT,Kannada
,JAMSHED PUR,Hindi
,BILIMORA RURAL,Hindi
,ASAKAPATNAM,Tamil
,CHENNA,Tamil
,TYDERABAD,Telugu
,ABANGALORE,Kannada
,red HYDERABAD,Hindi
,VISAKAPAINAM,Tamil
,BAPULAPADU RURAL,Hindi
,SHAHPURA RURA,Hindi
,GHAZIABAI,Hindi
,SACHIN RU,Hindi
,LUC KNOV,Hindi
,KARIMNAC,Hindi
,JAMSHEDI,Hindi
,KURUKSHI,Hindi
,BHUBANES,Hindi
,MANGALO,Hindi
,MANSA RU,Hindi
,WAPI,Hindi
,AHMEDABA,Hindi
,BANGAL OF,Kannada
,AJMER RUP,Hindi
,BANGALOF,Kannada
,GUDURU F,Hindi
,GUDURU H,Hindi
,HUBLI,Tamil
,LUDHIANA B,Hindi
,KOLHAPUI,Hindi
,RATANPU,Hindi
,COIMBAT,Bengali
,HIRIYUR RA,Hindi
,THRISSUP,Tamil
,VYARA RU,Hindi
,TRIVANDRE,Tamil
,CALICUT E,Bengali
,KARIMNAGE,Hindi
,AHME DAB,Hindi
,HYDERAE,Telugu
,BHARUCI,Hindi
,JAMNAGA,Hindi
,RAJAHMU,Hindi
,VIJAYAWAL,Tamil
,PANCHKUL,Hindi
,KHARAG PU,Hindi
,PANCHKU,Hindi
,DHOLKA R,Hindi
,FARIDABAR,Hindi
,MANDAPE,Hindi
,BILIMORA,Hindi
,DHOLKA P,Hindi
,B DELHI,Hindi
,HYDERABAD HY,Telugu
,RATANPUR RUF,Hindi
,HARSOLI RURAL,Hindi
, BARODA,Hindi
,B AMRITSAR,Hindi
,NARASARAOPET RURAL,Hindi
,SFARIDABAD,Hindi
,HMEDABAD,Hindi
,MALANDHAR,Hindi
,NARASARAOPETR,Hindi
,B INDORE,Hindi
,CHILAKALURIPET RURAL,Hindi
,AMMU,Hindi
,SAMAL KHA RURAL,Hindi
,KAVALI RURAL,Telugu
,BHUBANESHWA,Hindi
,SANWER RURAL,Hindi
,RICHY,Tamil
,BODHPUR,Hindi
,LALPAR RURAL,Hindi
,BHILWARA RUP,Hindi
,SANWER RURA,Hindi
,CHILAKALURIPET RUF,Hindi
,PLINE,Hindi
,BHIWADI,Hindi
,BAMMU,Hindi
,BAHMEDABAD,Hindi
,CHILAKALURIPET RUR,Hindi
, COCHIN,Bengali
, LUC KNOW,Hindi
, BHIWADI,Hindi
, GOA,Marathi
, MEHSANA,Hindi
, HUBLI,Tamil
, MANGALORE,Kannada
, PONDICHERRY,Tamil
,TRIVANDRU,Tamil
,SANWER R,Hindi
,BANGALOF ,Kannada
,VISAKAPAT  ,Tamil
,BANGALOF  ,Kannada
,FARIDABAL ,Hindi
,HYDERABA ,Telugu
,CALICUT ,Bengali
,HOSUR ,Tamil
,DEHRADUI,Hindi
,SAMAL,Hindi
,JAMSHEDF,Hindi
,HYDERABAMC,Telugu
,HYDE RABA,Telugu
,GUDURU,Telugu
,KAVALI RU,Hindi
,TRIVANDRUF,Tamil
,BANGALOFF,Kannada
,HYDERABAF,Telugu
,BANGALO F,Kannada
,GUWAHAT FIR,Hindi
,BANGALOR FIF,Kannada
, KARIMNA,Hindi
, GHAZIAB,Hindi
, BANGALC,Kannada
, GHAZIABA,Hindi
, HYDERAB,Telugu
,KALO RL,Hindi
,TRIVANDE,Tamil
,BANGAL C,Kannada
,AJMER RUB,Hindi
,BHUBANE:,Hindi
,MANGALC,Hindi
,SANWER,Hindi
,GUDURU P,Hindi
,SAMAL KHA,Hindi
,AMRITSA,Hindi
,LUDHIAN,Hindi
,BALANDHA,Hindi
,ROURKEL,Hindi
,SPUNE,Hindi
,BANGALORA,Kannada
,GURGAC,Hindi
,KARIMNA,Hindi
,SANGALO,Telugu
,ATNA,Hindi
,BUMBAI,Hindi
,MRITSAR,Hindi
,HYDERA,Telugu
,GURGAO,Hindi
,KAVALIR,Hindi
,ERIVANDE,Hindi
,CHOUDWAR RUR,Hindi
,LAL PAR RURAL,Hindi
,HUBANESHWAR,Hindi
,BINDORE,Hindi
,BRAIPUR,Hindi
,PONDICHERR,Tamil
,VIJAYAWADA,Telugu
,JMER RURAL,Hindi
,BBANGALORE,Kannada
, PAINA,Hindi
,HANE,Hindi
,ELHI,Hindi
,NDORE,Hindi
,CAMRITSAR,Hindi
,ANGALORE,Kannada
,ISAKAPATNAM,Telugu
,SHOPAL,Hindi
,E,Hindi
,DABAD,Hindi
,GALORE,Hindi
,KOT,Hindi
,NGALORE,Telugu
,NE,Hindi
,SORE,Hindi
,HI,Hindi
,RUKSHETRA,Hindi
,MEDABAD,Hindi
,LHI,Hindi
,RIDABAD,Hindi
,ALICUT,Bengali
,DERABAD,Hindi
,OIMBATORE,Bengali
, JAMSHEDPUR,Hindi
,HAZIABAD,Hindi
,NPUR,Hindi
,IPUR,Hindi
,OTA,Telugu
,ARIDABAD,Hindi
,URGAON,Telugu
,OC HIN,Bengali
,UDHIANA,Telugu
,UTTACK,Tamil
,CARIMNAGAR,Hindi
,FIRST Wealth VISA,Hindi
,STHANE,Hindi
, GURGAOIN,Hindi
,DAHE GAM,Hindi
,KHARAGPU,Hindi
,THRISSUR FIRST Select VISA,Tamil
,CHANDIGA FIRST Wealth VISA,Hindi
,GUNTUR FIRST Millennia_M VISA,Hindi
,SURAT FIRST Select VISA,Hindi
,HYDERABAMC Indigo - Unsecured,Telugu
,DELHI Mayura,Hindi
,DELHI Ashva,Hindi
,PUNE FIRST Select VISA,Hindi
,THANE FIRST Millennia_M VISA,Hindi
,MUMBAI FIRST Millennia_F VISA,Hindi
,JODHPUR FIRST Classic VISA,Hindi
,HYDERABA FIRST Wealth VISA,Telugu
,PATNA FIRST Power Plus Rupay,Hindi
,BANGAL OF FIRST Classic VISA,Kannada
,KOLKATA FIRST Millennia_F VISA,Hindi
,BHOPAL FIRST Power Plus Rupay,Hindi
,CHENNAI FIRST Millennia_M VISA,Tamil
,DELHI FIRST Classic VISA,Hindi
,MYSORE FIRST Wealth VISA,Hindi
,PATIALA FIRST Wealth VISA,Hindi
,GURGAON FIRST Millennia_M VISA,Hindi
,INDORE FIRST Select VISA,Hindi
,HYDERABA FIRST Power Plus Rupay,Telugu
,PATIALA FIRST Millennia M VISA,Hindi
,DELHI FIRST Millennia M VISA,Hindi
,GURGAON FIRST Select VISA,Hindi
,DELHI FIRST Millennia F VISA,Hindi
,JAMSHED,Hindi
,PETLAD RU,Hindi
,KILLA PARE,Hindi
,NADIAD RURAL,Hindi
,SAMALKHA RURAL,Hindi
,RATANPURRURAL,Hindi
,MAHUVA RURAL,Hindi
,SHAPAR VERAVAL RIU,Hindi
,GONDAL RURAL,Hindi
,PANPOSH ROAD RU,Hindi
,BHILWARA RURA,Hindi
,RATANPUR RURA,Hindi
,BHUBANESHWAI,Hindi
,SAMAL KHA RURA,Hindi
,BHUBANE SHWA,Hindi
,BHUBANESHWAL,Hindi
,MANDAPETARURA,Hindi
,SAMALKHA RUR,Hindi
,DAHEGAM RURA,Hindi
,MANDAPETA RU,Hindi
,GUDURU RURAL Mayura,Hindi
,RATANPUR RUR,Hindi
,DAHE GAM RURA,Hindi
,BHILWARA RUR,Hindi
,COC HIN,Bengali
,SAMAL KHA RUR,Hindi
,BHATAPARA RUR,Hindi
,SAMALKHA RU,Hindi
,CHILAKALURIP,Hindi
,LUCK NOW,Hindi
,CHIKALURIP,Hindi
,BHUBANESWAR,Hindi
,RAJPIPLA RURAL,Hindi
,RAJPIPILA RURAL,Hindi
,DEHRIYA SARAI RURAL,Hindi
,AJMERRURAL,Hindi
,SAMALKHA RURA,Hindi
,RURAL PENDRAR,Hindi
,DHAPWAD,Hindi
,BIUALPUR RURAL,Hindi
,KURU KSHETRA,Hindi
,BIJAPUR RURAL,Hindi
,"PANPOSH,ROAD RURAL",Hindi
,NARAIN GARH RURAL,Hindi
,GODHRA RURAL,Hindi
,GOLLAPUDI RURAL,Hindi
,SHAH PURA RURAL,Hindi
,VIRAMGAM RURAL,Tamil
,LUCKKNOW,Hindi
,THR ISSUR,Tamil
,JANGAON RURAL,Hindi
,DHOLKA RURAL,Hindi
,BIALPUR RURAL,Hindi
,RURAL PENDRAROAD,Hindi
,VELI,Telugu
,KATHWADA RURAL,Hindi
,KHORDARURAL,Hindi
,RURAL PENDRA ROAD,Hindi
,KHORDA RURAL,Hindi
,HYDRABAD,Telugu
,GODURU RURAL,Hindi
,BANGLORE,Kannada
,NARAINGARH RURAL,Hindi
,JAGGAYAPET RURAL,Hindi
,NARAINARH RURAL,Hindi
,Bureau,Hindi
,GOLLAPUDI RUR,Hindi
,BHILWARA RURAI,Hindi
,MANDAPETA RUR,Hindi
,NARAIN GARH RU,Hindi
,GUDURU RURAI,Hindi
,JAGGAYAPET RUR,Hindi
,JALAND,Hindi
,KHATEGAON RURAL,Hindi
,DAVANGERE RURAL,Hindi
,COC,Tamil
,THRISUR,Tamil
,BHIWARA RURAL,Hindi
,BODELI RURAL,Hindi
,CHAMPA RURAL,Hindi
,VN SAD,Hindi
,KATHWAD RURAL,Hindi
,WAWANGAL,Hindi
,MANSARURAL,Hindi
,SAMAL KHARUPAL,Hindi
,MANSARURAL,Hindi
,KILLA PARDI RURAL,Hindi
,JANG AON RURAL,Hindi
, GURGAOIN,Hindi
,JANG AON RURA,Hindi
,NARAINAGARH RURAL,Hindi
,MUMBAI -,Hindi
,,NULL
,RAJAMUNDRY,Tamil
,SAMAI KHA RURAL,Hindi
,TRIC HY,Tamil
,BIJAL PUR RURAL,Hindi
,TRIC HY,Tamil
,SAMALKHUR,Hindi
,NARASARAOPET,Hindi
,NARASARAOPET,Hindi
,DEHRIYA SARAI,Hindi
,TRIVANDRAM,Tamil
,GONDAI RURAL,Tamil
,CHOUDWAR RURAL,Hindi
,NAG PUR,Marathi
,SHAHPURA RU,Hindi
,NULL,NULL
,BHOPAL RURAL,Hindi
,TRNANDRUM,Tamil
,RAJMUNDRY,Tamil
,SHAPAR VERAVAL RURAL,Hindi
,KAMNAGAR,Hindi
,MAHUVA RURAI,Hindi
,BIJALPUR RURAI,Hindi
,NASPUR,Hindi
,VIRAMGAM RUR,Hindi
,SHAHPURA RUI,Hindi
,NARASARAOPE,Hindi
,JANGAON RURA,Hindi
,BIJAL PUR RURURA,Hindi
,SHAPAR VERAVAL,Hindi
,BHATAPARA RURAI,Hindi
,SHAPAR,Hindi
,SHAHPURARI,Hindi
,BHATAPARA RURAI,Hindi
,SHAPAR VERAVAL,Hindi
,KAKINADA,Tamil
,AJMER R RURAL,Hindi
,BHABHAR,Hindi
,MAHUVA RURA,Hindi
,BIJALPUR RUR,Hindi
,PANPOSH ROA,Hindi
,BIJALPUR RURA,Hindi
,KILLA PARDI RU,Hindi
,SAMALKHA RUI,Hindi
,DEHRIYA SARA,Hindi
,RATANPUR RU,Hindi
,KHORDA RURA,Hindi
,GUDURUR,Hindi
,GONDAL RURA,Hindi
,DAHEGAM RUR,Hindi
,GUDURURURA,Hindi
,PONDIC HERRY,Hindi
,JANGAON RUR,Hindi
,MANDAPETA R,Hindi
,RAJAUMUNDRY,Hindi
,GUDURURURAL,Hindi
,BHIVADI,Hindi
,NARASARAOPET R,Hindi
,BHATAPARA RURA,Hindi
,PANCH HKULA,Hindi
,CHILAKALURIPET,Hindi
,SAMALKHURURAL,Hindi
,CHILAKALURIPETURAL,Hindi
,HARSOLI (RURAL),Hindi
,BIAL PUR RURAL,Hindi
,MANDAPETA RUF,Hindi
,VISAKAPATINAM,Tamil
,BHIMWADI,Hindi
,DEHRIYASARAI RURAL,Hindi
,CHILAKALURIPETRURAL,Hindi
,IAMNAGAR,Hindi
,GAZIABAD,Hindi
,MYSOR,Hindi
,IAMSHEDPUR,Hindi
,IAMMU,Hindi
,FAIRIDABAD,Hindi
,BUJALPUR RURAL,Hindi
,PUJNE,Marathi
,BHAVADI,Hindi
,BUAL PUR RURAL,Hindi
,BHMADI,Hindi
,JOHDPUR,Hindi
,GAZABAD,Hindi
,PATTIALA,Hindi
,SIGURI,Hindi
,BHIMADI,Hindi
,CHAZJABAD,Hindi
,HARSOL RURAL,Hindi
,DELI,Hindi
,KATHWADARURAL,Tamil
,JAMSHPUR,Hindi
,IODHPUR,Hindi
,CHINAI,Tamil
,CALCUTTA,Bengali
,DAHEGAM,Hindi
,IAMSHPUR,Hindi
,SHAZIABAD,Hindi
,VISAXAPATNAM,Tamil
,MYSSORE,Tamil
,DEHRADUN SARAI RURAL,Hindi
,IRICHY,Tamil
,BHINWADI,Hindi
,BOURKELA,Hindi
,C HENNAI,Tamil
,MANDAPETARURAL,Hindi
,THANF,Hindi
,MSAKAPATNAM,Tamil
,KARBIMNAGAR,Tamil
,CALCUTT,Bengali
,CHEENNAI,Tamil
,"RAYANPUR,RURAL",Tamil
,AMER RURAL,Hindi
,DELIHI,Hindi
,JALPUR,Hindi
,CAJICUT,Hindi
,RAYANPUR RURAL,Hindi
,MYSORF,Hindi
,RAJPUR,Hindi
,BHIMORA RURAL,Hindi
,LUIDHUNA,Hindi
,GUJNTUR,Hindi
,GHAZABAD,Hindi
,BARRADA,Hindi
,CAIGCU,Hindi
,CHILAKALURI PET RURAL,Hindi
,MUMBAJ,Marathi
,BHUBANESHWAR Ashva,Hindi
